product_id,protein_type,preparation,price_point,portion_size_g,shelf_life_days,launch_quarter,target_channel,competitive_products,trend_alignment,marketing_spend_gbp,has_sustainability_claim,has_origin_story,packaging_innovation,development_time_months,testing_iterations,consultant_involved,success,first_year_revenue_gbp,success_score
NPD_000,pork,cooked,mid-range,500,9,Q2,food_service,10,0.459,45131,0,1,0,9,4,1,1,143855,0.807
NPD_001,beef,raw,mid-range,250,18,Q3,retail_butcher,14,0.618,2899,0,1,0,4,7,0,0,20624,0.245
NPD_002,lamb,marinated,economy,500,10,Q3,food_service,0,0.259,4943,1,0,0,5,6,0,1,105624,0.846
NPD_003,pork,cooked,mid-range,400,10,Q1,food_service,1,0.54,22271,0,0,0,10,5,1,1,111408,0.67
NPD_004,beef,ready-to-cook,mid-range,300,5,Q1,retail_butcher,9,0.358,39952,1,1,0,2,7,0,1,58562,0.853
NPD_005,lamb,ready-to-cook,mid-range,500,17,Q2,supermarket,4,0.561,7910,0,0,1,11,2,1,1,86030,0.897
NPD_006,pork,seasoned,mid-range,500,9,Q1,retail_butcher,12,0.229,17198,0,0,1,14,6,1,0,29717,0.472
NPD_007,beef,ready-to-cook,mid-range,250,9,Q2,food_service,8,0.648,7776,1,1,0,9,3,1,1,79880,0.914
NPD_008,pork,cooked,mid-range,200,19,Q2,direct,3,0.247,45417,1,0,1,12,1,1,1,87054,0.917
NPD_009,pork,seasoned,mid-range,500,14,Q2,direct,6,0.672,33970,0,0,1,6,4,1,1,76368,0.922
NPD_010,chicken,raw,mid-range,500,5,Q4,food_service,3,0.017,35754,1,0,0,10,1,0,1,92297,0.63
NPD_011,lamb,ready-to-cook,economy,250,5,Q3,retail_butcher,9,0.982,17371,0,0,0,13,5,1,1,105340,0.528
NPD_012,pork,ready-to-cook,premium,200,13,Q1,food_service,5,0.669,49354,0,1,1,3,6,1,1,190930,1.0
NPD_013,beef,ready-to-cook,economy,500,18,Q4,food_service,7,0.849,21880,0,1,0,7,7,0,1,73659,0.965
NPD_014,pork,cooked,mid-range,500,3,Q4,retail_butcher,0,0.195,41764,0,1,1,17,1,1,1,81490,0.533
NPD_015,chicken,ready-to-cook,premium,500,19,Q2,direct,2,0.98,1190,0,0,0,4,2,1,1,144880,0.963
NPD_016,lamb,raw,mid-range,250,12,Q2,food_service,7,0.697,13533,0,0,1,4,2,1,1,120516,0.603
NPD_017,pork,ready-to-cook,mid-range,400,17,Q4,retail_butcher,6,0.672,29312,0,1,1,11,6,0,1,104910,0.704
NPD_018,chicken,marinated,premium,400,8,Q1,food_service,13,0.541,40734,0,0,1,11,6,0,1,28460,0.699
NPD_019,chicken,marinated,economy,200,14,Q1,food_service,9,0.156,47175,0,1,0,6,1,1,1,118237,0.869
NPD_020,lamb,marinated,economy,300,7,Q2,food_service,13,0.092,45078,0,1,1,13,2,1,1,102710,0.64
NPD_021,pork,seasoned,economy,500,6,Q2,food_service,9,0.626,36257,0,1,0,17,7,1,1,97934,0.685
NPD_022,chicken,ready-to-cook,mid-range,200,3,Q1,retail_butcher,4,0.626,33320,1,1,0,14,4,0,1,97265,0.793
NPD_023,pork,ready-to-cook,economy,250,11,Q3,food_service,4,0.348,12338,1,1,1,10,4,0,1,89090,1.0
NPD_024,mixed,marinated,mid-range,500,14,Q1,retail_butcher,6,0.755,22352,0,1,0,10,6,0,1,85641,0.885
NPD_025,lamb,seasoned,mid-range,500,7,Q3,retail_butcher,3,0.673,41419,1,1,0,6,2,1,1,148635,0.872
NPD_026,chicken,cooked,mid-range,250,14,Q1,food_service,6,0.426,40081,0,1,0,14,5,0,1,98311,0.766
NPD_027,chicken,marinated,premium,500,6,Q4,food_service,14,0.482,39069,1,0,0,15,3,0,1,32169,1.0
NPD_028,chicken,ready-to-cook,premium,200,5,Q1,food_service,8,0.375,29016,0,1,0,11,4,1,1,155355,0.791
NPD_029,beef,cooked,premium,400,5,Q3,direct,1,0.166,39413,0,1,0,4,7,0,1,173839,0.599
NPD_030,lamb,marinated,economy,250,10,Q2,food_service,11,0.078,5835,1,1,0,2,5,1,1,85773,0.643
NPD_031,mixed,ready-to-cook,premium,500,17,Q1,retail_butcher,7,0.877,30548,0,0,1,3,7,0,1,192339,0.663
NPD_032,mixed,ready-to-cook,premium,250,11,Q3,food_service,4,0.056,30189,1,1,1,4,5,1,1,165829,1.0
NPD_033,pork,marinated,economy,200,15,Q1,food_service,0,0.672,43783,0,0,0,11,2,1,1,96999,0.996
NPD_034,chicken,cooked,economy,300,19,Q4,retail_butcher,6,0.755,40764,1,1,1,17,4,1,1,107671,1.0
NPD_035,lamb,raw,mid-range,200,8,Q1,supermarket,11,0.298,44088,1,0,1,11,1,0,0,24509,0.386
NPD_036,pork,marinated,mid-range,300,17,Q1,retail_butcher,14,0.4,23415,1,0,0,4,3,1,1,102353,0.772
NPD_037,beef,ready-to-cook,mid-range,250,8,Q1,retail_butcher,11,0.206,43928,0,1,0,10,7,1,1,68287,0.758
NPD_038,chicken,raw,economy,250,16,Q4,supermarket,9,0.037,47391,0,1,1,12,7,0,0,30822,0.368
NPD_039,pork,raw,mid-range,400,12,Q3,food_service,6,0.089,48915,0,0,0,11,3,1,1,68159,0.842
NPD_040,chicken,seasoned,mid-range,400,12,Q1,food_service,3,0.646,35529,0,0,0,10,1,0,1,45940,0.568
NPD_041,pork,ready-to-cook,economy,200,5,Q3,food_service,4,0.982,39110,1,1,1,16,6,1,1,69913,1.0
NPD_042,chicken,ready-to-cook,mid-range,250,15,Q4,food_service,9,0.324,27386,0,1,0,2,2,1,1,59350,0.863
NPD_043,mixed,marinated,mid-range,250,12,Q1,food_service,11,0.202,6287,1,0,0,2,1,1,0,13046,0.421
NPD_044,pork,cooked,premium,400,20,Q2,direct,10,0.938,20019,0,1,1,13,5,0,1,154828,0.699
NPD_045,beef,raw,premium,300,16,Q2,direct,8,0.877,19520,1,0,1,17,3,1,1,200029,0.522
NPD_046,lamb,marinated,mid-range,250,16,Q1,direct,2,0.543,42157,1,1,0,17,4,1,1,169474,1.0
NPD_047,chicken,ready-to-cook,economy,200,7,Q3,supermarket,13,0.205,33265,0,1,0,14,7,0,1,45858,0.714
NPD_048,pork,seasoned,mid-range,400,14,Q1,supermarket,14,0.598,11147,0,0,0,12,6,1,0,47440,0.126
NPD_049,pork,cooked,economy,500,10,Q2,food_service,0,0.018,34595,0,0,1,6,5,1,1,40086,0.858
NPD_050,lamb,marinated,mid-range,200,13,Q3,food_service,4,0.985,2645,0,1,0,7,7,0,1,139541,0.668
NPD_051,chicken,marinated,mid-range,250,11,Q3,food_service,8,0.864,8973,0,0,1,2,3,0,1,100954,0.734
NPD_052,lamb,raw,economy,200,19,Q1,retail_butcher,5,0.22,17241,1,0,1,2,4,1,1,73658,1.0
NPD_053,beef,ready-to-cook,economy,300,19,Q1,food_service,7,0.587,34536,1,0,0,13,1,1,1,77703,0.899
NPD_054,beef,ready-to-cook,premium,250,12,Q3,retail_butcher,11,0.801,17438,0,1,0,2,1,0,1,70676,0.828
NPD_055,beef,raw,mid-range,300,3,Q4,food_service,1,0.805,22591,1,1,1,5,4,1,1,57192,0.804
NPD_056,chicken,raw,economy,500,18,Q1,supermarket,12,0.421,9705,1,1,0,16,2,0,1,53238,0.545
NPD_057,pork,ready-to-cook,economy,250,14,Q4,food_service,13,0.487,25557,0,0,0,2,6,1,1,117381,0.598
NPD_058,beef,seasoned,mid-range,250,15,Q2,food_service,10,0.823,27665,0,0,0,10,6,1,1,124394,0.712
NPD_059,lamb,ready-to-cook,economy,500,19,Q2,retail_butcher,13,0.519,21609,0,1,0,5,3,0,1,49643,0.507
NPD_060,pork,ready-to-cook,economy,300,4,Q3,retail_butcher,5,0.135,24863,0,0,0,4,4,0,1,69310,0.922
NPD_061,pork,ready-to-cook,economy,200,10,Q1,retail_butcher,12,0.688,46080,0,1,1,13,3,0,0,33729,0.497
NPD_062,beef,cooked,economy,250,19,Q3,food_service,7,0.758,13254,1,1,0,7,1,1,1,100801,1.0
NPD_063,beef,ready-to-cook,economy,200,9,Q2,food_service,6,0.297,16023,0,0,1,16,6,0,1,0,0.957
NPD_064,lamb,ready-to-cook,mid-range,400,15,Q2,supermarket,10,0.34,21662,0,1,1,5,5,1,1,149975,0.836
NPD_065,pork,ready-to-cook,mid-range,300,12,Q2,food_service,6,0.185,30969,1,1,1,5,5,1,1,3038,1.0
NPD_066,lamb,ready-to-cook,premium,250,9,Q4,supermarket,13,0.003,45460,0,0,0,15,5,0,0,9644,0.126
NPD_067,lamb,marinated,premium,500,7,Q3,retail_butcher,6,0.879,41970,1,1,1,5,3,1,1,155267,1.0
NPD_068,chicken,raw,economy,200,11,Q1,direct,7,0.35,9245,1,1,1,11,1,0,1,56019,0.727
NPD_069,lamb,raw,premium,500,17,Q1,retail_butcher,13,0.86,18674,1,0,0,10,3,1,1,142388,0.591
NPD_070,lamb,seasoned,economy,400,17,Q2,food_service,4,0.049,42873,0,0,0,6,5,1,0,9557,0.272
NPD_071,lamb,ready-to-cook,mid-range,250,10,Q3,supermarket,0,0.879,8314,1,0,0,17,1,0,1,67966,0.92
NPD_072,beef,ready-to-cook,premium,200,12,Q2,supermarket,4,0.744,37766,0,1,1,13,7,0,1,96850,0.912
NPD_073,lamb,raw,mid-range,500,5,Q4,food_service,13,0.018,22736,1,0,0,15,5,0,0,31127,0.251
NPD_074,beef,marinated,mid-range,200,12,Q2,food_service,9,0.075,3353,1,1,0,12,3,1,1,84100,0.783
NPD_075,chicken,marinated,premium,300,4,Q2,retail_butcher,3,0.426,7540,1,1,1,12,4,1,1,161826,0.882
NPD_076,beef,ready-to-cook,premium,400,17,Q4,supermarket,3,0.398,33196,1,0,1,16,2,0,1,114759,0.976
NPD_077,pork,ready-to-cook,mid-range,400,16,Q1,supermarket,4,0.154,18434,1,1,0,17,4,0,1,114815,0.917
NPD_078,chicken,seasoned,economy,200,14,Q4,retail_butcher,5,0.226,6109,0,1,0,17,5,0,1,61218,0.74
NPD_079,pork,cooked,mid-range,300,15,Q1,supermarket,5,0.908,33981,1,0,0,15,7,1,1,120707,0.969
NPD_080,lamb,raw,mid-range,250,3,Q1,supermarket,13,0.033,48219,0,0,1,11,6,1,0,26991,0.21
NPD_081,beef,ready-to-cook,mid-range,200,9,Q3,retail_butcher,1,0.935,37679,1,1,0,12,7,0,1,123255,1.0
NPD_082,chicken,seasoned,mid-range,200,12,Q2,food_service,5,0.593,45555,0,1,0,8,6,0,1,69920,0.727
NPD_083,lamb,seasoned,mid-range,250,7,Q4,retail_butcher,10,0.65,15025,0,0,0,16,1,1,1,80383,0.571
NPD_084,lamb,ready-to-cook,mid-range,400,20,Q1,retail_butcher,8,0.439,32860,0,1,0,5,6,1,1,35792,0.763
NPD_085,pork,ready-to-cook,economy,250,10,Q4,direct,6,0.633,1525,1,0,1,14,1,0,1,101747,0.761
NPD_086,pork,marinated,mid-range,200,4,Q3,retail_butcher,14,0.588,21939,0,1,0,12,2,0,1,45095,0.547
NPD_087,pork,ready-to-cook,mid-range,400,10,Q3,direct,8,0.167,7099,0,1,0,13,5,1,1,152690,0.671
NPD_088,chicken,seasoned,mid-range,400,20,Q2,food_service,14,0.231,1281,0,0,0,6,3,0,0,25139,0.223
NPD_089,beef,cooked,premium,300,4,Q1,retail_butcher,8,0.58,7638,0,0,0,8,6,0,0,48529,0.175
NPD_090,lamb,cooked,economy,500,8,Q1,direct,14,0.693,48414,1,0,0,3,1,1,1,86196,0.539
NPD_091,beef,ready-to-cook,premium,200,18,Q2,food_service,4,0.577,9125,1,1,0,10,1,1,1,146674,1.0
NPD_092,lamb,ready-to-cook,premium,500,8,Q2,direct,2,0.808,8761,1,0,1,2,6,1,1,45456,0.876
NPD_093,lamb,marinated,mid-range,200,19,Q3,food_service,9,0.587,12207,1,1,0,4,5,1,1,170182,0.732
NPD_094,beef,marinated,mid-range,250,18,Q1,food_service,3,0.608,26519,0,1,1,12,5,1,1,84408,1.0
NPD_095,beef,cooked,mid-range,300,17,Q4,direct,5,0.195,47413,0,0,0,12,5,1,0,30952,0.407
NPD_096,lamb,ready-to-cook,economy,400,13,Q3,retail_butcher,9,0.8,4654,0,1,0,9,4,1,1,8246,0.826
NPD_097,beef,raw,mid-range,500,11,Q2,food_service,9,0.175,39520,1,1,0,11,3,1,1,70384,0.755
NPD_098,pork,ready-to-cook,economy,400,12,Q1,retail_butcher,4,0.168,18633,0,1,0,6,7,0,1,38681,0.842
NPD_099,beef,seasoned,economy,200,4,Q4,food_service,4,0.676,33117,0,1,0,9,4,1,1,101280,0.503
NPD_100,mixed,ready-to-cook,economy,500,3,Q4,food_service,7,0.367,38957,0,0,0,3,4,1,1,28434,0.716
NPD_101,chicken,ready-to-cook,mid-range,500,5,Q2,retail_butcher,6,0.378,10686,0,0,0,5,5,0,0,34441,0.422
NPD_102,pork,raw,mid-range,400,19,Q4,retail_butcher,3,0.475,16901,0,0,0,6,4,1,1,94960,0.792
NPD_103,pork,seasoned,economy,200,18,Q4,supermarket,1,0.063,17163,0,0,0,6,2,1,0,26095,0.454
NPD_104,pork,marinated,mid-range,300,13,Q3,direct,4,0.391,37875,1,0,1,4,6,1,1,101259,1.0
NPD_105,chicken,marinated,economy,500,5,Q2,food_service,2,0.346,39675,0,1,0,14,6,0,1,80448,0.692
NPD_106,chicken,ready-to-cook,mid-range,300,11,Q2,food_service,4,0.122,36732,0,0,1,13,4,1,1,67371,0.689
NPD_107,pork,marinated,economy,500,13,Q2,retail_butcher,6,0.152,40922,0,0,0,15,3,1,1,96698,0.626
NPD_108,pork,raw,economy,400,16,Q3,food_service,11,0.618,47851,1,1,0,5,5,1,0,31211,0.431
NPD_109,beef,ready-to-cook,mid-range,500,5,Q3,retail_butcher,5,0.828,10956,0,1,0,15,3,1,1,137868,0.911
NPD_110,lamb,raw,mid-range,500,20,Q1,direct,1,0.065,1671,0,0,0,16,5,1,1,57335,0.543
NPD_111,beef,marinated,mid-range,300,11,Q1,food_service,5,0.392,44404,0,0,0,10,1,1,1,76708,0.818
NPD_112,mixed,marinated,mid-range,400,13,Q3,retail_butcher,10,0.45,24472,1,0,0,4,5,1,1,94778,1.0
NPD_113,beef,raw,mid-range,500,5,Q4,food_service,3,0.738,45857,0,1,1,4,7,1,1,27747,0.599
NPD_114,pork,ready-to-cook,economy,250,8,Q3,food_service,11,0.899,36144,0,0,0,15,4,1,1,132620,0.835
NPD_115,beef,cooked,mid-range,400,10,Q2,retail_butcher,4,0.92,4983,1,1,0,16,1,1,1,45154,0.775
NPD_116,pork,marinated,mid-range,400,14,Q4,retail_butcher,0,0.646,13258,1,0,1,13,1,1,1,111193,1.0
NPD_117,mixed,ready-to-cook,mid-range,400,13,Q4,retail_butcher,10,0.269,24387,0,0,0,16,4,1,1,37782,0.677
NPD_118,chicken,ready-to-cook,mid-range,500,3,Q4,retail_butcher,5,0.565,30725,1,1,1,16,2,1,1,116933,1.0
NPD_119,chicken,marinated,economy,250,4,Q3,food_service,4,0.733,15566,1,1,0,10,4,1,1,78619,1.0
NPD_120,chicken,raw,mid-range,500,13,Q4,food_service,6,0.47,24762,1,0,0,5,2,1,0,46857,0.469
NPD_121,pork,ready-to-cook,economy,400,15,Q4,retail_butcher,6,0.481,30197,1,0,0,5,4,0,1,62511,1.0
NPD_122,lamb,raw,mid-range,300,15,Q4,supermarket,5,0.21,49831,0,0,0,2,7,0,0,22431,0.294
NPD_123,chicken,ready-to-cook,mid-range,500,3,Q1,retail_butcher,3,0.786,19394,1,1,1,8,1,1,1,41815,1.0
NPD_124,mixed,raw,mid-range,500,8,Q1,direct,2,0.941,18833,1,0,0,17,5,1,1,86400,0.814
NPD_125,chicken,seasoned,economy,250,5,Q1,supermarket,3,0.766,14493,0,0,0,5,1,1,0,9290,0.432
NPD_126,beef,cooked,economy,250,15,Q2,food_service,12,0.853,31314,0,1,0,5,2,1,1,64122,0.804
NPD_127,beef,ready-to-cook,premium,500,12,Q2,retail_butcher,13,0.731,19745,1,0,1,6,1,1,1,143047,0.914
NPD_128,pork,raw,economy,400,12,Q1,supermarket,6,0.545,10879,0,1,1,10,7,1,0,21033,0.465
NPD_129,pork,seasoned,economy,250,18,Q1,retail_butcher,1,0.862,13722,1,1,0,9,6,1,1,70351,0.943
NPD_130,chicken,marinated,economy,400,6,Q2,supermarket,14,0.205,31932,1,0,0,14,1,1,1,116465,0.59
NPD_131,lamb,raw,mid-range,400,3,Q2,retail_butcher,5,0.372,27390,1,0,1,4,3,0,0,28009,0.269
NPD_132,chicken,seasoned,mid-range,200,17,Q3,direct,7,0.52,7971,1,1,0,4,5,1,1,75872,0.728
NPD_133,beef,ready-to-cook,mid-range,300,7,Q4,supermarket,13,0.083,3591,0,1,0,2,7,1,0,15756,0.473
NPD_134,pork,cooked,premium,300,7,Q1,food_service,3,0.719,25217,0,1,0,14,1,1,1,143188,1.0
NPD_135,pork,seasoned,premium,400,11,Q1,food_service,5,0.828,13763,0,0,0,11,6,1,1,117723,1.0
NPD_136,chicken,raw,mid-range,200,7,Q4,retail_butcher,14,0.254,13576,0,1,0,9,4,1,0,9901,0.302
NPD_137,mixed,raw,economy,300,6,Q2,retail_butcher,5,0.36,38396,0,0,0,15,4,1,1,90688,0.511
NPD_138,lamb,marinated,premium,300,4,Q4,food_service,13,0.865,10031,0,0,1,12,4,0,1,122697,0.753
NPD_139,mixed,raw,mid-range,300,5,Q2,retail_butcher,11,0.018,49454,1,1,0,10,4,1,0,21067,0.234
NPD_140,beef,raw,economy,200,3,Q4,food_service,13,0.598,12240,0,1,0,5,4,1,0,40527,0.428
NPD_141,chicken,raw,economy,500,19,Q4,food_service,2,0.268,30165,1,1,0,5,5,1,1,89974,0.929
NPD_142,chicken,ready-to-cook,mid-range,500,17,Q4,food_service,11,0.464,43856,0,0,0,6,3,1,1,131988,0.847
NPD_143,lamb,raw,economy,400,15,Q3,retail_butcher,1,0.272,12190,1,0,0,7,1,0,1,58852,0.617
NPD_144,mixed,marinated,mid-range,200,15,Q1,retail_butcher,13,0.611,31519,0,1,1,2,6,1,1,117140,0.776
NPD_145,pork,marinated,economy,250,13,Q2,direct,8,0.817,5912,1,0,0,8,7,1,1,70301,1.0
NPD_146,mixed,raw,economy,200,10,Q4,supermarket,7,0.908,43092,1,0,1,8,4,1,1,54786,0.674
NPD_147,lamb,raw,mid-range,400,20,Q1,food_service,11,0.55,30808,0,0,0,8,2,1,0,46163,0.397
NPD_148,lamb,raw,mid-range,200,9,Q4,food_service,5,0.121,12777,0,1,1,3,1,1,0,48369,0.306
NPD_149,beef,marinated,premium,200,8,Q4,food_service,10,0.43,36426,0,1,1,15,4,0,1,20351,0.883
NPD_150,lamb,ready-to-cook,economy,300,18,Q4,food_service,8,0.027,21384,0,1,0,8,4,0,1,12754,0.806
NPD_151,pork,raw,mid-range,300,13,Q1,food_service,4,0.531,12951,0,1,0,5,1,0,1,89494,0.502
NPD_152,pork,cooked,mid-range,300,16,Q2,direct,10,0.16,27417,0,0,0,11,5,1,0,3202,0.376
NPD_153,pork,marinated,premium,200,19,Q1,food_service,14,0.152,35704,0,0,0,6,1,1,1,138272,1.0
NPD_154,chicken,marinated,mid-range,500,19,Q1,food_service,11,0.235,1138,0,0,0,9,5,1,1,171695,0.631
NPD_155,pork,cooked,premium,200,7,Q3,food_service,11,0.853,36428,0,0,1,6,2,1,1,130801,1.0
NPD_156,beef,ready-to-cook,economy,200,11,Q2,food_service,5,0.149,38529,1,0,1,16,7,0,1,53694,0.846
NPD_157,chicken,marinated,mid-range,200,20,Q1,supermarket,13,0.456,22083,1,1,0,14,3,0,1,82844,0.903
NPD_158,chicken,raw,premium,300,7,Q1,direct,12,0.926,34905,0,1,1,7,2,0,0,6028,0.29
NPD_159,chicken,marinated,economy,200,17,Q3,direct,7,0.995,12590,0,0,0,6,1,0,1,85606,0.827
NPD_160,chicken,ready-to-cook,economy,200,4,Q2,food_service,3,0.407,2381,0,1,0,14,5,1,1,94202,0.829
NPD_161,beef,ready-to-cook,economy,400,4,Q2,supermarket,7,0.295,36323,1,0,0,9,6,0,1,62427,0.666
NPD_162,chicken,seasoned,economy,500,19,Q3,retail_butcher,13,0.454,25035,1,0,0,15,2,1,1,86153,0.678
NPD_163,lamb,seasoned,economy,250,14,Q3,food_service,1,0.134,46409,1,0,0,10,7,0,1,98047,0.845
NPD_164,lamb,ready-to-cook,mid-range,200,8,Q1,direct,12,0.931,38496,0,0,1,13,4,1,1,123074,0.72
NPD_165,mixed,marinated,premium,500,19,Q2,food_service,12,0.388,27586,1,1,0,6,5,1,1,85317,1.0
NPD_166,beef,ready-to-cook,premium,200,14,Q1,food_service,4,0.499,16206,0,0,0,3,6,1,1,61021,1.0
NPD_167,pork,ready-to-cook,mid-range,300,3,Q4,retail_butcher,12,0.036,21360,0,1,1,13,6,1,1,63350,0.809
NPD_168,beef,ready-to-cook,economy,300,15,Q1,supermarket,5,0.516,3100,1,0,1,3,6,1,1,105469,0.807
NPD_169,mixed,marinated,mid-range,200,6,Q2,retail_butcher,5,0.762,37982,1,1,0,11,4,0,1,96728,0.856
NPD_170,beef,raw,economy,200,9,Q4,retail_butcher,11,0.001,48658,1,1,1,4,1,1,1,104290,0.582
NPD_171,beef,marinated,economy,300,11,Q1,food_service,11,0.473,39011,0,0,1,10,7,1,1,78459,0.786
NPD_172,mixed,raw,mid-range,300,14,Q3,food_service,9,0.847,32226,0,0,1,9,4,0,0,37728,0.387
NPD_173,pork,cooked,economy,400,17,Q3,supermarket,1,0.69,17241,0,1,0,7,1,1,1,77172,0.693
NPD_174,pork,ready-to-cook,economy,250,16,Q2,food_service,14,0.044,38853,1,0,1,13,1,0,1,77178,0.778
NPD_175,pork,ready-to-cook,economy,400,5,Q4,direct,10,0.981,24544,0,0,1,8,7,0,1,93262,0.724
NPD_176,pork,ready-to-cook,mid-range,250,4,Q3,food_service,9,0.477,37191,0,0,0,2,3,1,1,104604,0.784
NPD_177,lamb,ready-to-cook,mid-range,400,12,Q3,retail_butcher,7,0.808,5967,1,1,0,6,3,0,1,81354,1.0
NPD_178,beef,marinated,mid-range,300,4,Q3,retail_butcher,8,0.761,21208,1,0,0,4,1,1,1,39607,0.948
NPD_179,mixed,marinated,mid-range,250,6,Q1,food_service,9,0.877,31099,0,1,0,10,5,0,1,83370,0.757
NPD_180,beef,cooked,mid-range,300,5,Q4,supermarket,2,0.144,15534,1,1,1,6,6,1,1,0,0.724
NPD_181,beef,seasoned,economy,300,18,Q3,food_service,13,0.071,32555,0,1,0,16,3,1,1,42010,0.759
NPD_182,chicken,ready-to-cook,economy,200,19,Q3,food_service,3,0.425,17964,0,1,0,14,1,0,1,48360,1.0
NPD_183,beef,marinated,economy,400,5,Q4,food_service,14,0.191,46899,0,1,1,6,5,1,1,38448,0.544
NPD_184,chicken,ready-to-cook,economy,300,17,Q2,retail_butcher,7,0.762,25885,0,1,0,16,2,1,1,56057,1.0
NPD_185,lamb,cooked,economy,200,19,Q4,direct,14,0.714,12156,0,1,1,4,4,1,0,17827,0.491
NPD_186,beef,raw,premium,250,9,Q1,supermarket,0,0.031,1680,0,0,0,5,5,1,1,171940,0.505
NPD_187,lamb,cooked,mid-range,300,17,Q4,supermarket,3,0.384,5946,1,0,1,2,6,1,1,58539,0.801
NPD_188,pork,ready-to-cook,mid-range,300,3,Q1,supermarket,5,0.118,49367,1,1,0,12,3,1,1,59802,0.743
NPD_189,beef,ready-to-cook,mid-range,500,10,Q3,food_service,6,0.572,25335,1,1,0,9,4,0,1,81603,0.974
NPD_190,beef,marinated,premium,500,16,Q1,food_service,10,0.356,17402,1,0,0,8,4,1,1,167902,1.0
NPD_191,beef,ready-to-cook,mid-range,500,20,Q3,retail_butcher,8,0.011,39556,1,0,0,13,6,1,1,44936,0.983
NPD_192,beef,seasoned,economy,300,12,Q2,retail_butcher,1,0.287,11825,1,0,0,12,5,1,1,51753,0.803
NPD_193,lamb,seasoned,economy,250,4,Q2,direct,14,0.564,13360,1,1,0,5,3,1,0,23321,0.448
NPD_194,lamb,ready-to-cook,mid-range,400,3,Q1,food_service,6,0.253,1082,1,0,1,11,6,1,1,85067,0.679
NPD_195,chicken,cooked,mid-range,400,11,Q3,food_service,7,0.229,5138,1,0,1,9,7,0,1,109877,0.624
NPD_196,beef,marinated,economy,500,13,Q4,direct,10,0.459,28586,0,1,0,15,7,1,1,85216,0.841
NPD_197,mixed,seasoned,economy,250,8,Q1,food_service,10,0.521,34458,1,0,0,12,1,0,0,36351,0.468
NPD_198,chicken,seasoned,premium,400,20,Q4,food_service,14,0.064,25417,0,1,0,14,4,1,1,6920,0.713
NPD_199,beef,marinated,economy,300,16,Q2,retail_butcher,0,0.924,14652,0,0,0,6,2,1,1,99109,1.0
NPD_200,beef,marinated,mid-range,400,12,Q3,food_service,12,0.354,15387,1,1,0,8,5,0,1,12324,0.816
NPD_201,mixed,ready-to-cook,economy,200,8,Q3,supermarket,6,0.194,28253,1,1,0,17,3,1,1,42160,0.57
NPD_202,chicken,marinated,mid-range,500,19,Q3,food_service,1,0.532,15955,0,0,0,2,6,0,1,104873,0.915
NPD_203,pork,raw,economy,200,12,Q4,food_service,6,0.058,48861,0,0,1,9,3,1,0,0,0.368
NPD_204,pork,ready-to-cook,mid-range,200,20,Q2,retail_butcher,5,0.575,5188,0,0,0,17,5,0,1,61787,0.848
NPD_205,beef,marinated,premium,250,19,Q3,retail_butcher,0,0.611,40082,0,0,0,6,3,1,1,212172,1.0
NPD_206,chicken,ready-to-cook,premium,300,14,Q3,food_service,6,0.451,5434,1,0,0,12,5,1,1,93020,1.0
NPD_207,beef,seasoned,economy,400,17,Q4,retail_butcher,0,0.074,48937,0,1,0,14,3,0,1,69378,0.634
NPD_208,chicken,seasoned,mid-range,400,13,Q2,food_service,10,0.379,34665,1,0,0,13,2,1,1,92869,0.571
NPD_209,chicken,seasoned,mid-range,500,9,Q4,retail_butcher,0,0.015,25255,1,0,0,16,4,0,1,65868,0.596
NPD_210,lamb,marinated,mid-range,250,7,Q1,retail_butcher,9,0.307,37284,1,0,0,12,1,0,1,40805,0.604
NPD_211,mixed,seasoned,economy,200,4,Q2,food_service,9,0.451,8485,1,0,0,16,3,1,0,33260,0.349
NPD_212,beef,raw,mid-range,500,6,Q3,food_service,6,0.777,34998,1,1,0,5,2,1,1,21308,0.64
NPD_213,beef,marinated,economy,500,5,Q3,retail_butcher,7,0.858,21143,0,1,1,9,7,1,1,90049,0.89
NPD_214,lamb,raw,economy,400,14,Q3,direct,10,0.807,28081,0,0,0,17,5,0,0,33192,0.33
NPD_215,beef,raw,mid-range,250,19,Q4,food_service,6,0.837,18642,0,1,0,14,2,0,1,68905,0.686
NPD_216,chicken,ready-to-cook,economy,200,18,Q3,supermarket,10,0.929,7838,1,1,0,6,4,1,1,103489,0.902
NPD_217,mixed,seasoned,premium,500,20,Q3,retail_butcher,1,0.11,26515,0,1,0,10,6,0,1,75923,0.79
NPD_218,lamb,raw,mid-range,250,17,Q1,supermarket,13,0.061,5529,1,1,0,13,6,1,0,35765,0.413
NPD_219,mixed,ready-to-cook,mid-range,200,8,Q2,direct,9,0.741,23439,0,1,0,11,6,1,1,112274,0.62
NPD_220,lamb,seasoned,mid-range,300,17,Q4,food_service,4,0.8,4327,1,1,0,11,1,1,1,105915,0.907
NPD_221,chicken,raw,mid-range,500,14,Q1,retail_butcher,9,0.938,23418,0,1,0,11,2,1,1,63014,0.577
NPD_222,pork,cooked,economy,400,10,Q3,food_service,7,0.22,43043,1,0,0,14,4,0,1,81297,0.577
NPD_223,pork,ready-to-cook,economy,250,13,Q4,retail_butcher,13,0.137,46541,1,0,0,13,4,1,1,48674,0.688
NPD_224,pork,ready-to-cook,economy,250,11,Q2,supermarket,1,0.667,46991,1,0,0,8,7,1,1,62142,1.0
NPD_225,pork,ready-to-cook,mid-range,300,9,Q1,supermarket,1,0.123,45739,0,1,1,14,1,1,1,92599,1.0
NPD_226,pork,ready-to-cook,mid-range,400,9,Q4,food_service,10,0.141,2445,1,0,1,4,5,1,1,119004,0.776
NPD_227,lamb,seasoned,mid-range,300,12,Q3,supermarket,11,0.557,13100,0,1,0,15,5,1,0,11699,0.375
NPD_228,beef,ready-to-cook,mid-range,400,15,Q1,food_service,0,0.554,49400,0,0,1,8,6,1,1,124958,1.0
NPD_229,lamb,ready-to-cook,mid-range,500,20,Q1,supermarket,1,0.171,31676,1,0,0,4,4,1,1,83782,1.0
NPD_230,beef,seasoned,economy,200,11,Q2,direct,11,0.025,14409,0,0,0,14,6,1,1,115568,0.518
NPD_231,beef,raw,mid-range,200,3,Q4,retail_butcher,4,0.566,29054,1,0,0,14,3,1,0,36175,0.476
NPD_232,pork,raw,premium,300,9,Q4,retail_butcher,5,0.678,2051,1,1,1,5,6,0,1,198160,0.688
NPD_233,mixed,marinated,mid-range,300,3,Q2,food_service,7,0.541,14255,1,0,0,12,1,0,1,122944,0.587
NPD_234,pork,marinated,premium,300,12,Q1,supermarket,7,0.578,9002,0,0,1,2,7,1,1,154191,0.704
NPD_235,chicken,ready-to-cook,mid-range,400,6,Q3,food_service,0,0.44,27177,0,0,0,2,4,0,1,149943,0.839
NPD_236,beef,seasoned,economy,400,17,Q2,retail_butcher,7,0.117,17260,0,0,0,8,4,1,1,78153,0.848
NPD_237,pork,seasoned,premium,300,7,Q2,retail_butcher,6,0.362,21922,1,0,0,17,2,1,1,115601,0.69
NPD_238,pork,raw,economy,300,10,Q3,retail_butcher,12,0.819,4961,1,0,1,9,7,0,0,21511,0.25
NPD_239,mixed,seasoned,economy,250,12,Q1,supermarket,5,0.477,19412,1,0,0,7,2,0,1,101137,0.534
NPD_240,mixed,seasoned,economy,500,17,Q2,supermarket,12,0.459,10460,0,0,0,11,1,1,0,21787,0.478
NPD_241,pork,marinated,mid-range,250,20,Q4,retail_butcher,13,0.845,15719,0,1,1,16,4,1,1,113649,0.77
NPD_242,lamb,cooked,economy,500,19,Q3,food_service,0,0.444,45172,0,1,0,16,7,0,1,73531,0.799
NPD_243,mixed,raw,economy,500,4,Q3,food_service,7,0.502,46226,0,0,1,8,4,1,1,112024,0.665
NPD_244,pork,ready-to-cook,mid-range,500,9,Q4,retail_butcher,13,0.146,11589,0,1,0,5,5,1,1,73435,0.645
NPD_245,pork,seasoned,mid-range,400,8,Q4,supermarket,14,0.272,4722,1,1,0,2,1,0,0,29528,0.305
NPD_246,pork,raw,mid-range,300,15,Q3,supermarket,8,0.604,26174,0,0,0,10,7,0,0,39237,0.374
NPD_247,pork,cooked,mid-range,250,15,Q4,retail_butcher,8,0.797,20945,0,0,0,10,1,1,0,30165,0.491
NPD_248,beef,raw,premium,500,9,Q3,food_service,13,0.868,48947,0,1,0,17,1,0,1,158922,0.72
NPD_249,mixed,ready-to-cook,mid-range,250,14,Q4,food_service,6,0.006,49601,0,1,0,8,7,0,1,92447,0.7
NPD_250,pork,ready-to-cook,premium,500,19,Q4,food_service,7,0.93,38583,0,0,0,6,6,0,1,64663,1.0
NPD_251,chicken,ready-to-cook,mid-range,400,17,Q2,retail_butcher,12,0.572,23692,1,0,0,7,7,0,1,59722,0.942
NPD_252,beef,raw,mid-range,250,15,Q3,retail_butcher,12,0.345,1691,1,0,0,4,6,0,0,32734,0.438
NPD_253,lamb,ready-to-cook,mid-range,400,13,Q1,food_service,3,0.271,31497,0,0,0,5,3,0,1,65403,0.947
NPD_254,pork,seasoned,premium,250,12,Q2,retail_butcher,7,0.564,17527,1,0,0,9,1,0,1,84648,0.673
NPD_255,pork,marinated,mid-range,300,3,Q3,food_service,9,0.791,31313,1,0,0,9,2,1,1,121315,0.817
NPD_256,lamb,seasoned,mid-range,250,8,Q4,supermarket,12,0.464,34065,0,1,1,11,7,0,0,10181,0.434
NPD_257,chicken,raw,mid-range,250,4,Q4,food_service,11,0.028,26097,0,0,0,13,2,1,0,27842,0.096
NPD_258,beef,ready-to-cook,premium,500,17,Q4,retail_butcher,3,0.564,17663,0,1,1,9,6,1,1,160391,1.0
NPD_259,mixed,seasoned,mid-range,500,6,Q4,direct,2,0.254,9044,0,0,0,9,3,1,1,46404,0.663
NPD_260,lamb,marinated,economy,400,19,Q1,retail_butcher,11,0.65,44116,1,1,0,15,7,1,1,76984,0.842
NPD_261,beef,ready-to-cook,premium,400,5,Q1,retail_butcher,5,0.812,41542,0,1,0,10,7,1,1,116991,0.764
NPD_262,beef,ready-to-cook,mid-range,250,17,Q1,retail_butcher,12,0.86,5103,0,0,0,4,5,1,1,127147,0.808
NPD_263,chicken,ready-to-cook,mid-range,300,15,Q3,food_service,11,0.767,18883,0,1,1,4,4,1,1,96842,0.741
NPD_264,beef,marinated,mid-range,300,18,Q3,direct,14,0.544,29621,0,0,1,3,3,0,1,33693,0.895
NPD_265,lamb,raw,premium,300,17,Q4,food_service,6,0.466,43904,1,1,0,4,5,1,1,134599,1.0
NPD_266,mixed,ready-to-cook,mid-range,400,6,Q3,direct,6,0.454,11762,0,1,1,3,4,1,1,71748,0.96
NPD_267,pork,raw,economy,300,19,Q3,retail_butcher,13,0.941,22164,0,1,0,11,3,1,1,50179,0.843
NPD_268,beef,ready-to-cook,premium,200,20,Q1,food_service,9,0.262,22999,0,0,0,2,4,0,1,90314,1.0
NPD_269,beef,raw,mid-range,250,11,Q1,retail_butcher,12,0.254,48025,0,1,0,10,2,0,0,40290,0.294
NPD_270,chicken,marinated,mid-range,250,18,Q3,retail_butcher,13,0.08,8370,1,1,0,11,5,0,1,131237,0.528
NPD_271,mixed,marinated,mid-range,400,10,Q4,retail_butcher,4,0.423,8933,1,1,0,6,4,1,1,75892,0.867
NPD_272,pork,seasoned,mid-range,250,5,Q3,direct,11,0.752,26785,0,0,1,5,3,1,1,70423,0.687
NPD_273,lamb,ready-to-cook,mid-range,200,18,Q3,retail_butcher,11,0.415,13466,1,1,0,17,5,1,1,145601,0.919
NPD_274,beef,ready-to-cook,economy,500,17,Q3,food_service,11,0.244,9226,0,0,0,4,3,0,1,77295,0.612
NPD_275,pork,raw,economy,500,5,Q4,food_service,13,0.96,18400,1,1,1,7,1,1,1,94987,0.573
NPD_276,beef,raw,economy,250,16,Q4,retail_butcher,3,0.358,15506,1,1,0,15,5,0,1,38261,0.799
NPD_277,beef,raw,mid-range,200,10,Q4,food_service,0,0.022,22473,0,1,0,9,7,0,1,82529,0.539
NPD_278,beef,ready-to-cook,mid-range,500,20,Q3,direct,14,0.437,35552,1,1,0,11,6,1,1,151544,0.926
NPD_279,lamb,ready-to-cook,mid-range,300,20,Q4,supermarket,11,0.732,18696,1,1,1,2,5,1,1,52551,1.0
NPD_280,pork,marinated,mid-range,400,18,Q3,food_service,13,0.011,43422,1,1,1,10,1,0,1,49094,1.0
NPD_281,pork,marinated,mid-range,300,20,Q3,food_service,4,0.472,22398,0,0,0,16,3,0,1,140785,0.98
NPD_282,beef,ready-to-cook,mid-range,500,10,Q4,food_service,0,0.133,48204,1,0,0,3,1,0,1,83939,1.0
NPD_283,beef,raw,mid-range,250,10,Q3,food_service,2,0.061,6650,1,1,0,14,3,1,1,127601,0.756
NPD_284,chicken,seasoned,premium,300,18,Q2,direct,0,0.327,38344,0,0,0,3,1,1,1,217274,0.607
NPD_285,lamb,raw,economy,250,12,Q2,supermarket,1,0.283,38244,1,0,0,10,5,1,1,30575,0.934
NPD_286,lamb,ready-to-cook,premium,250,15,Q2,food_service,8,0.88,49623,0,0,0,12,3,1,1,74128,0.922
NPD_287,mixed,raw,mid-range,400,9,Q4,supermarket,4,0.935,45237,0,1,0,16,2,0,0,32283,0.494
NPD_288,lamb,ready-to-cook,mid-range,300,20,Q3,retail_butcher,4,0.232,27426,0,1,1,17,1,0,1,99338,1.0
NPD_289,chicken,raw,premium,300,19,Q1,direct,5,0.109,21039,0,1,0,2,7,1,1,145948,0.666
NPD_290,beef,cooked,economy,500,19,Q2,retail_butcher,9,0.244,8037,0,1,1,15,3,1,1,36779,0.856
NPD_291,chicken,ready-to-cook,premium,300,9,Q1,direct,12,0.742,18719,1,1,0,14,7,1,1,121897,0.987
NPD_292,pork,raw,premium,500,3,Q2,retail_butcher,4,0.511,17766,0,1,1,4,4,1,1,8522,0.551
NPD_293,chicken,cooked,economy,400,20,Q2,food_service,1,0.047,27181,0,1,0,16,3,1,1,81732,0.889
NPD_294,mixed,cooked,economy,250,17,Q4,retail_butcher,12,0.521,28125,0,0,0,10,6,0,0,0,0.338
NPD_295,pork,ready-to-cook,mid-range,400,5,Q1,supermarket,9,0.674,10130,0,0,1,6,7,0,1,85728,0.631
NPD_296,pork,raw,economy,500,12,Q1,food_service,10,0.915,32551,0,1,1,12,6,1,1,93489,0.556
NPD_297,chicken,marinated,economy,300,13,Q3,retail_butcher,11,0.234,20894,0,1,0,8,2,0,1,59293,0.61
NPD_298,chicken,marinated,mid-range,500,12,Q1,supermarket,6,0.672,3809,0,0,1,3,2,1,1,65143,0.865
NPD_299,chicken,marinated,premium,500,16,Q1,food_service,11,0.954,33439,1,0,1,7,1,1,1,71296,1.0
